Date,Open,High,Low,Close,Volume,Dividends,Stock Splits
2024-06-18 00:00:00+05:30,30794.55078125,30814.75,30564.099609375,30591.0,363700,0.0,0.0
2024-06-19 00:00:00+05:30,30698.44921875,30712.80078125,30157.400390625,30194.599609375,331900,0.0,0.0
2024-06-20 00:00:00+05:30,30236.44921875,30403.80078125,30043.55078125,30274.30078125,471500,0.0,0.0
2024-06-21 00:00:00+05:30,30361.900390625,30395.55078125,30047.0,30114.69921875,428400,0.0,0.0
2024-06-24 00:00:00+05:30,30008.30078125,30301.400390625,29861.25,30268.25,395400,0.0,0.0
2024-06-25 00:00:00+05:30,30373.25,30453.400390625,30131.650390625,30157.44921875,320700,0.0,0.0
2024-06-26 00:00:00+05:30,30136.55078125,30294.75,29991.75,30136.400390625,1800400,0.0,0.0
2024-06-27 00:00:00+05:30,30126.05078125,30446.25,30068.650390625,30381.55078125,498400,0.0,0.0
2024-06-28 00:00:00+05:30,30465.849609375,30505.55078125,30327.25,30362.400390625,368900,0.0,0.0
2024-07-01 00:00:00+05:30,30396.05078125,30698.25,30384.75,30667.099609375,0,0.0,0.0
2024-07-02 00:00:00+05:30,30811.599609375,30811.599609375,30362.55078125,30496.849609375,0,0.0,0.0
2024-07-03 00:00:00+05:30,30599.650390625,30701.94921875,30520.05078125,30661.349609375,0,0.0,0.0
2024-07-04 00:00:00+05:30,30744.5,30832.349609375,30667.349609375,30754.0,357300,0.0,0.0
2024-07-05 00:00:00+05:30,30794.099609375,30971.80078125,30705.400390625,30940.849609375,395200,0.0,0.0
2024-07-08 00:00:00+05:30,31026.150390625,31034.599609375,30786.349609375,30867.0,338200,0.0,0.0
2024-07-09 00:00:00+05:30,31069.05078125,31263.30078125,30979.900390625,31199.30078125,345300,0.0,0.0
2024-07-10 00:00:00+05:30,31260.400390625,31322.900390625,30787.349609375,31089.650390625,411100,0.0,0.0
2024-07-11 00:00:00+05:30,31219.55078125,31235.30078125,30912.25,30967.44921875,345200,0.0,0.0
2024-07-12 00:00:00+05:30,31023.099609375,31030.25,30829.05078125,30869.900390625,334800,0.0,0.0
2024-07-15 00:00:00+05:30,30969.25,31069.75,30899.80078125,31047.19921875,334600,0.0,0.0
2024-07-16 00:00:00+05:30,31166.25,31267.900390625,31098.25,31138.900390625,473200,0.0,0.0
2024-07-18 00:00:00+05:30,31137.69921875,31149.0,30794.900390625,30980.650390625,425700,0.0,0.0
2024-07-19 00:00:00+05:30,31030.19921875,31033.5,30409.30078125,30454.94921875,388900,0.0,0.0
2024-07-22 00:00:00+05:30,30344.25,30728.349609375,30312.400390625,30696.099609375,494700,0.0,0.0
2024-07-23 00:00:00+05:30,30790.25,30824.650390625,29826.599609375,30639.44921875,687000,0.0,0.0
2024-07-24 00:00:00+05:30,30678.849609375,30719.69921875,30472.55078125,30533.099609375,630000,0.0,0.0
2024-07-25 00:00:00+05:30,30358.69921875,30616.599609375,30300.55078125,30576.900390625,566100,0.0,0.0
2024-07-26 00:00:00+05:30,30711.150390625,30998.849609375,30634.849609375,30927.349609375,902400,0.0,0.0
2024-07-29 00:00:00+05:30,31083.19921875,31159.55078125,30976.94921875,31129.55078125,870500,0.0,0.0
2024-07-30 00:00:00+05:30,31190.5,31315.75,31094.099609375,31109.349609375,398700,0.0,0.0
2024-07-31 00:00:00+05:30,31268.599609375,31394.55078125,31166.30078125,31305.80078125,388200,0.0,0.0
2024-08-01 00:00:00+05:30,31439.80078125,31494.55078125,31083.80078125,31189.650390625,561300,0.0,0.0
2024-08-02 00:00:00+05:30,30895.55078125,30955.05078125,30578.19921875,30612.05078125,415900,0.0,0.0
2024-08-05 00:00:00+05:30,30047.650390625,30343.150390625,29773.44921875,30018.69921875,551000,0.0,0.0
2024-08-06 00:00:00+05:30,30173.0,30463.849609375,29983.900390625,30037.099609375,423700,0.0,0.0
2024-08-07 00:00:00+05:30,30384.55078125,30588.599609375,30193.5,30561.849609375,377900,0.0,0.0
2024-08-08 00:00:00+05:30,30568.0,30570.80078125,30278.05078125,30318.849609375,301800,0.0,0.0
2024-08-09 00:00:00+05:30,30612.599609375,30633.80078125,30423.849609375,30470.099609375,309500,0.0,0.0
2024-08-12 00:00:00+05:30,30348.75,30458.80078125,30252.75,30363.05078125,291500,0.0,0.0
2024-08-13 00:00:00+05:30,30438.19921875,30444.599609375,30145.05078125,30190.55078125,249000,0.0,0.0
2024-08-14 00:00:00+05:30,30271.05078125,30283.0,29924.19921875,30097.599609375,308300,0.0,0.0
2024-08-16 00:00:00+05:30,30274.80078125,30622.94921875,30200.900390625,30587.349609375,323400,0.0,0.0
2024-08-19 00:00:00+05:30,30680.349609375,30715.599609375,30582.80078125,30597.099609375,338300,0.0,0.0
2024-08-20 00:00:00+05:30,30699.099609375,30728.599609375,30591.19921875,30704.44921875,251000,0.0,0.0
2024-08-21 00:00:00+05:30,30767.099609375,31023.099609375,30707.30078125,31002.150390625,254800,0.0,0.0
2024-08-22 00:00:00+05:30,31140.55078125,31149.0,31005.94921875,31058.599609375,266200,0.0,0.0
2024-08-23 00:00:00+05:30,31140.900390625,31153.94921875,30878.55078125,30905.150390625,340300,0.0,0.0
2024-08-26 00:00:00+05:30,31006.80078125,31073.900390625,30950.75,31009.19921875,268300,0.0,0.0
2024-08-27 00:00:00+05:30,31060.849609375,31105.5,30919.0,30945.05078125,304600,0.0,0.0
2024-08-28 00:00:00+05:30,31015.55078125,31034.69921875,30807.19921875,30850.44921875,248300,0.0,0.0
2024-08-29 00:00:00+05:30,30882.69921875,30884.19921875,30647.400390625,30833.349609375,382300,0.0,0.0
2024-08-30 00:00:00+05:30,30934.05078125,31049.849609375,30917.150390625,30975.69921875,539600,0.0,0.0
2024-09-02 00:00:00+05:30,31082.80078125,31103.599609375,30862.099609375,30911.599609375,280700,0.0,0.0
2024-09-03 00:00:00+05:30,31022.75,31112.80078125,30938.650390625,31006.94921875,410300,0.0,0.0
2024-09-04 00:00:00+05:30,30838.650390625,31059.099609375,30805.400390625,31027.900390625,310200,0.0,0.0
2024-09-05 00:00:00+05:30,31129.150390625,31132.44921875,30978.44921875,31004.69921875,323500,0.0,0.0
2024-09-06 00:00:00+05:30,30978.80078125,31129.25,30675.19921875,30708.30078125,325000,0.0,0.0
2024-09-09 00:00:00+05:30,30733.099609375,30907.849609375,30507.75,30879.80078125,327200,0.0,0.0
2024-09-10 00:00:00+05:30,31026.94921875,31149.349609375,30902.55078125,31059.55078125,276200,0.0,0.0
2024-09-11 00:00:00+05:30,31121.44921875,31258.05078125,30928.05078125,30974.150390625,297300,0.0,0.0
2024-09-12 00:00:00+05:30,31118.75,31379.900390625,31013.0,31342.650390625,329500,0.0,0.0
2024-09-13 00:00:00+05:30,31441.55078125,31524.55078125,31350.400390625,31470.650390625,299100,0.0,0.0
2024-09-16 00:00:00+05:30,31484.150390625,31508.849609375,31346.150390625,31373.099609375,471500,0.0,0.0
2024-09-17 00:00:00+05:30,31408.69921875,31514.94921875,31345.900390625,31409.05078125,251400,0.0,0.0
2024-09-18 00:00:00+05:30,31469.650390625,31475.69921875,31023.599609375,31182.75,206800,0.0,0.0
2024-09-19 00:00:00+05:30,31341.30078125,31393.19921875,30946.0,31211.25,382200,0.0,0.0
2024-09-20 00:00:00+05:30,31342.150390625,31767.94921875,31284.80078125,31711.650390625,463700,0.0,0.0
2024-09-23 00:00:00+05:30,31829.400390625,32107.900390625,31755.150390625,32086.69921875,258900,0.0,0.0
2024-09-24 00:00:00+05:30,32064.900390625,32234.150390625,32036.400390625,32180.05078125,456400,0.0,0.0
2024-09-25 00:00:00+05:30,32224.75,32249.849609375,31932.05078125,32167.099609375,404600,0.0,0.0
2024-09-26 00:00:00+05:30,32260.94921875,32615.94921875,32207.69921875,32590.349609375,663900,0.0,0.0
2024-09-27 00:00:00+05:30,32603.44921875,32801.25,32483.900390625,32735.55078125,521100,0.0,0.0
2024-09-30 00:00:00+05:30,32684.94921875,32841.1484375,32553.69921875,32582.0,412700,0.0,0.0
2024-10-01 00:00:00+05:30,32582.599609375,32802.19921875,32442.650390625,32761.400390625,344800,0.0,0.0
2024-10-03 00:00:00+05:30,32465.19921875,32630.849609375,31979.25,32104.900390625,337500,0.0,0.0
2024-10-04 00:00:00+05:30,32081.30078125,32158.19921875,31547.0,31602.400390625,456400,0.0,0.0
2024-10-07 00:00:00+05:30,31669.44921875,31730.650390625,31055.150390625,31157.94921875,402100,0.0,0.0
2024-10-08 00:00:00+05:30,31165.25,31606.69921875,31006.150390625,31564.650390625,388900,0.0,0.0
2024-10-09 00:00:00+05:30,31633.900390625,31915.650390625,31518.25,31748.75,518900,0.0,0.0
2024-10-10 00:00:00+05:30,31803.05078125,31906.05078125,31570.150390625,31649.599609375,420700,0.0,0.0
2024-10-11 00:00:00+05:30,31691.849609375,31714.80078125,31539.75,31663.75,333500,0.0,0.0
2024-10-14 00:00:00+05:30,31768.80078125,31771.55078125,31524.05078125,31636.650390625,243700,0.0,0.0
2024-10-15 00:00:00+05:30,31766.150390625,31766.69921875,31491.80078125,31633.150390625,273000,0.0,0.0
2024-10-16 00:00:00+05:30,31617.75,31689.44921875,31402.349609375,31656.69921875,484500,0.0,0.0
2024-10-17 00:00:00+05:30,31731.349609375,31736.44921875,30932.25,30974.25,397300,0.0,0.0
2024-10-18 00:00:00+05:30,30916.19921875,31040.099609375,30528.19921875,31006.0,296700,0.0,0.0
2024-10-21 00:00:00+05:30,31082.5,31139.599609375,30564.099609375,30593.69921875,221900,0.0,0.0
2024-10-22 00:00:00+05:30,30592.19921875,30697.150390625,30035.849609375,30094.150390625,317100,0.0,0.0
2024-10-23 00:00:00+05:30,29982.75,30260.900390625,29841.44921875,29875.5,314000,0.0,0.0
2024-10-24 00:00:00+05:30,29936.0,29941.25,29285.099609375,29402.0,387500,0.0,0.0
2024-10-25 00:00:00+05:30,29461.5,29501.400390625,28956.30078125,29144.900390625,370700,0.0,0.0
2024-10-28 00:00:00+05:30,29189.69921875,29461.400390625,29024.94921875,29240.900390625,294700,0.0,0.0
2024-10-29 00:00:00+05:30,29317.94921875,29328.599609375,28880.650390625,29195.599609375,311300,0.0,0.0
2024-10-30 00:00:00+05:30,29176.650390625,29565.19921875,29156.19921875,29369.19921875,240700,0.0,0.0
2024-10-31 00:00:00+05:30,29380.099609375,29423.349609375,29124.099609375,29235.150390625,262100,0.0,0.0
2024-11-01 00:00:00+05:30,29429.19921875,29459.25,29305.05078125,29341.80078125,36500,0.0,0.0
2024-11-04 00:00:00+05:30,29417.599609375,29417.599609375,28789.80078125,29045.349609375,264400,0.0,0.0
2024-11-05 00:00:00+05:30,29040.75,29219.69921875,28921.099609375,29161.849609375,288600,0.0,0.0
2024-11-06 00:00:00+05:30,29211.30078125,29537.19921875,29127.30078125,29511.0,282200,0.0,0.0
2024-11-07 00:00:00+05:30,29554.30078125,29573.0,29065.05078125,29139.75,351700,0.0,0.0
2024-11-08 00:00:00+05:30,29209.25,29348.80078125,29006.849609375,29272.099609375,464800,0.0,0.0
2024-11-11 00:00:00+05:30,29294.80078125,29450.150390625,29074.400390625,29136.900390625,350700,0.0,0.0
2024-11-12 00:00:00+05:30,29186.599609375,29202.30078125,28400.099609375,28453.599609375,295700,0.0,0.0
2024-11-13 00:00:00+05:30,28371.05078125,28412.94921875,27949.849609375,28011.05078125,278900,0.0,0.0
2024-11-14 00:00:00+05:30,28017.599609375,28123.19921875,27739.599609375,27783.30078125,256400,0.0,0.0
2024-11-18 00:00:00+05:30,27883.900390625,28059.05078125,27649.349609375,27902.849609375,301000,0.0,0.0
2024-11-19 00:00:00+05:30,27985.75,28202.099609375,27817.30078125,27874.80078125,236900,0.0,0.0
2024-11-21 00:00:00+05:30,27743.0,27757.650390625,27416.849609375,27606.0,646400,0.0,0.0
2024-11-22 00:00:00+05:30,27652.349609375,28107.599609375,27611.80078125,28043.44921875,438000,0.0,0.0
2024-11-25 00:00:00+05:30,28415.80078125,28754.75,28397.400390625,28549.25,593500,0.0,0.0
2024-11-26 00:00:00+05:30,28642.94921875,28738.349609375,28518.0,28607.0,250700,0.0,0.0
2024-11-27 00:00:00+05:30,28752.55078125,28860.44921875,28580.05078125,28843.599609375,277600,0.0,0.0
2024-11-28 00:00:00+05:30,28928.80078125,29001.849609375,28587.94921875,28650.650390625,376900,0.0,0.0
2024-11-29 00:00:00+05:30,28659.400390625,28928.25,28649.44921875,28852.0,303500,0.0,0.0
2024-12-02 00:00:00+05:30,28852.5,29020.0,28782.650390625,29001.849609375,409000,0.0,0.0
2024-12-03 00:00:00+05:30,29088.75,29303.400390625,29035.0,29293.349609375,322900,0.0,0.0
2024-12-04 00:00:00+05:30,29359.099609375,29423.599609375,29117.05078125,29218.30078125,276000,0.0,0.0
2024-12-05 00:00:00+05:30,29289.75,29373.650390625,29047.150390625,29300.150390625,453400,0.0,0.0
2024-12-06 00:00:00+05:30,29348.5,29541.0,29266.05078125,29462.25,422900,0.0,0.0
2024-12-09 00:00:00+05:30,29452.650390625,29473.75,29132.349609375,29241.30078125,305400,0.0,0.0
2024-12-10 00:00:00+05:30,29264.5,29355.650390625,29165.5,29247.80078125,265600,0.0,0.0
2024-12-11 00:00:00+05:30,29317.900390625,29602.5,29306.650390625,29519.30078125,477800,0.0,0.0
2024-12-12 00:00:00+05:30,29566.75,29615.099609375,29318.44921875,29353.0,376900,0.0,0.0
2024-12-13 00:00:00+05:30,29307.25,29507.94921875,28997.099609375,29480.650390625,316900,0.0,0.0
2024-12-16 00:00:00+05:30,29539.0,29577.94921875,29373.05078125,29478.5,282000,0.0,0.0
2024-12-17 00:00:00+05:30,29456.349609375,29497.349609375,29076.55078125,29124.349609375,339700,0.0,0.0
2024-12-18 00:00:00+05:30,29131.30078125,29154.849609375,28887.44921875,28921.05078125,252200,0.0,0.0
2024-12-19 00:00:00+05:30,28584.099609375,28777.900390625,28554.150390625,28744.69921875,264900,0.0,0.0
2024-12-20 00:00:00+05:30,28781.0,28889.25,28048.599609375,28098.099609375,359200,0.0,0.0
2024-12-23 00:00:00+05:30,28177.80078125,28246.099609375,27931.650390625,28000.75,228600,0.0,0.0
2024-12-24 00:00:00+05:30,27977.55078125,28029.30078125,27852.05078125,27940.25,206300,0.0,0.0
2024-12-26 00:00:00+05:30,27970.55078125,28017.30078125,27827.099609375,27958.44921875,190900,0.0,0.0
2024-12-27 00:00:00+05:30,28012.55078125,28137.69921875,27896.349609375,27918.80078125,170400,0.0,0.0
2024-12-30 00:00:00+05:30,27922.650390625,27967.75,27727.55078125,27824.05078125,440900,0.0,0.0
2024-12-31 00:00:00+05:30,27778.94921875,27982.69921875,27706.80078125,27932.5,204700,0.0,0.0
2025-01-02 00:00:00+05:30,28177.55078125,28585.400390625,28072.349609375,28571.650390625,407000,0.0,0.0
2025-01-03 00:00:00+05:30,28657.25,28772.94921875,28609.849609375,28684.69921875,274100,0.0,0.0
2025-01-06 00:00:00+05:30,28742.55078125,28747.69921875,28003.5,28119.44921875,252800,0.0,0.0
2025-01-07 00:00:00+05:30,28156.30078125,28395.349609375,28156.30078125,28204.099609375,180800,0.0,0.0
2025-01-08 00:00:00+05:30,28250.099609375,28261.55078125,27926.349609375,28121.900390625,270400,0.0,0.0
2025-01-09 00:00:00+05:30,28108.900390625,28346.94921875,28012.05078125,28045.099609375,246100,0.0,0.0
2025-01-10 00:00:00+05:30,28016.099609375,28043.5,27629.099609375,27667.69921875,255400,0.0,0.0
2025-01-13 00:00:00+05:30,27422.25,27505.69921875,26934.05078125,26977.150390625,284600,0.0,0.0
2025-01-14 00:00:00+05:30,27023.099609375,27198.94921875,26964.0,27069.05078125,236800,0.0,0.0
2025-01-15 00:00:00+05:30,27198.55078125,27292.900390625,26943.400390625,27037.650390625,189300,0.0,0.0
2025-01-16 00:00:00+05:30,27167.0,27245.5,26998.650390625,27197.69921875,276500,0.0,0.0
2025-01-17 00:00:00+05:30,27233.849609375,27427.80078125,27096.44921875,27363.099609375,175400,0.0,0.0
2025-01-20 00:00:00+05:30,27437.75,27472.5,27206.5,27430.25,192000,0.0,0.0
2025-01-21 00:00:00+05:30,27484.55078125,27611.0,27102.80078125,27125.349609375,245400,0.0,0.0
2025-01-22 00:00:00+05:30,27221.69921875,27285.25,26935.05078125,27164.80078125,283200,0.0,0.0
2025-01-23 00:00:00+05:30,27121.80078125,27396.849609375,26939.69921875,27335.599609375,226400,0.0,0.0
2025-01-24 00:00:00+05:30,27371.400390625,27428.80078125,27102.099609375,27136.30078125,272500,0.0,0.0
2025-01-27 00:00:00+05:30,26994.650390625,27011.900390625,26614.55078125,26656.650390625,252700,0.0,0.0
2025-01-28 00:00:00+05:30,26760.19921875,26809.5,26289.400390625,26601.650390625,328500,0.0,0.0
2025-01-29 00:00:00+05:30,26605.599609375,26908.900390625,26548.05078125,26838.25,302400,0.0,0.0
2025-01-30 00:00:00+05:30,26889.849609375,27010.400390625,26785.900390625,26914.849609375,306200,0.0,0.0
2025-01-31 00:00:00+05:30,26939.25,27515.19921875,26936.25,27463.400390625,327100,0.0,0.0
2025-02-03 00:00:00+05:30,27493.55078125,27493.55078125,26834.099609375,26981.5,491500,0.0,0.0
2025-02-04 00:00:00+05:30,27185.849609375,27271.349609375,26997.5,27236.05078125,557000,0.0,0.0
2025-02-05 00:00:00+05:30,27305.599609375,27347.349609375,27167.69921875,27210.30078125,380300,0.0,0.0
2025-02-06 00:00:00+05:30,27360.25,27378.19921875,27078.849609375,27161.44921875,580300,0.0,0.0
2025-02-07 00:00:00+05:30,27231.25,27256.05078125,26822.150390625,27059.80078125,390100,0.0,0.0
2025-02-10 00:00:00+05:30,27085.69921875,27122.94921875,26733.650390625,26755.5,388300,0.0,0.0
2025-02-11 00:00:00+05:30,26687.650390625,26751.349609375,26149.349609375,26298.05078125,315400,0.0,0.0
2025-02-12 00:00:00+05:30,26325.55078125,26363.25,25782.150390625,26290.5,653900,0.0,0.0
2025-02-13 00:00:00+05:30,26289.0,26481.5,26140.5,26176.0,478600,0.0,0.0
2025-02-14 00:00:00+05:30,26233.94921875,26326.25,25781.900390625,25920.599609375,339700,0.0,0.0
2025-02-17 00:00:00+05:30,25802.94921875,25973.599609375,25546.099609375,25955.849609375,490700,0.0,0.0
2025-02-18 00:00:00+05:30,26029.55078125,26075.55078125,25706.75,25871.5,334100,0.0,0.0
2025-02-19 00:00:00+05:30,25742.69921875,25919.30078125,25687.0,25835.5,289000,0.0,0.0
2025-02-20 00:00:00+05:30,25807.150390625,26008.150390625,25693.0,25992.69921875,353600,0.0,0.0
2025-02-21 00:00:00+05:30,26001.19921875,26047.80078125,25735.94921875,25873.05078125,351000,0.0,0.0
2025-02-24 00:00:00+05:30,25686.099609375,25817.150390625,25607.150390625,25775.099609375,255400,0.0,0.0
2025-02-25 00:00:00+05:30,25790.19921875,25892.349609375,25732.19921875,25816.94921875,439800,0.0,0.0
2025-02-27 00:00:00+05:30,25840.5,25892.349609375,25547.69921875,25632.849609375,350900,0.0,0.0
2025-02-28 00:00:00+05:30,25472.150390625,25474.80078125,24895.75,24934.400390625,509600,0.0,0.0
2025-03-03 00:00:00+05:30,24982.900390625,25140.25,24686.099609375,25086.30078125,318900,0.0,0.0
2025-03-04 00:00:00+05:30,24842.69921875,25037.400390625,24728.900390625,24992.599609375,336300,0.0,0.0
2025-03-05 00:00:00+05:30,24885.44921875,25538.650390625,24885.44921875,25504.80078125,392900,0.0,0.0
2025-03-06 00:00:00+05:30,25653.19921875,25876.75,25528.150390625,25801.69921875,1039100,0.0,0.0
2025-03-07 00:00:00+05:30,25794.94921875,25909.69921875,25711.55078125,25782.150390625,329800,0.0,0.0
2025-03-10 00:00:00+05:30,25775.44921875,25944.69921875,25519.19921875,25573.80078125,291300,0.0,0.0
2025-03-11 00:00:00+05:30,25379.25,25619.25,25345.19921875,25542.650390625,380600,0.0,0.0
2025-03-12 00:00:00+05:30,25594.5,25643.80078125,25239.55078125,25406.69921875,352500,0.0,0.0
2025-03-13 00:00:00+05:30,25482.80078125,25596.05078125,25260.94921875,25286.80078125,257900,0.0,0.0
2025-03-17 00:00:00+05:30,25267.55078125,25438.099609375,25210.650390625,25344.05078125,282000,0.0,0.0
2025-03-18 00:00:00+05:30,25476.900390625,25817.849609375,25421.900390625,25794.19921875,322000,0.0,0.0
2025-03-19 00:00:00+05:30,25882.69921875,25939.69921875,25761.19921875,25891.400390625,281800,0.0,0.0
2025-03-20 00:00:00+05:30,26053.150390625,26193.80078125,25885.05078125,26145.44921875,296700,0.0,0.0
2025-03-21 00:00:00+05:30,26238.099609375,26345.599609375,26145.55078125,26239.5,426900,0.0,0.0
2025-03-24 00:00:00+05:30,26347.650390625,26550.599609375,26288.30078125,26480.0,246900,0.0,0.0
2025-03-25 00:00:00+05:30,26582.69921875,26627.0,26200.150390625,26246.25,364800,0.0,0.0
2025-03-26 00:00:00+05:30,26347.349609375,26523.5,26271.94921875,26323.849609375,555200,0.0,0.0
2025-03-27 00:00:00+05:30,26252.5,26409.150390625,26085.75,26295.69921875,656000,0.0,0.0
2025-03-28 00:00:00+05:30,26338.5,26535.0,26141.150390625,26241.5,319600,0.0,0.0
2025-04-01 00:00:00+05:30,26175.05078125,26321.30078125,25831.0,25935.349609375,257100,0.0,0.0
2025-04-02 00:00:00+05:30,25972.0,26122.55078125,25722.150390625,26101.30078125,251500,0.0,0.0
2025-04-03 00:00:00+05:30,25965.849609375,26102.25,25872.650390625,26076.599609375,346000,0.0,0.0
2025-04-04 00:00:00+05:30,25997.25,26027.849609375,25343.650390625,25426.0,702600,0.0,0.0
2025-04-07 00:00:00+05:30,24014.900390625,25119.69921875,23981.05078125,25025.69921875,606600,0.0,0.0
2025-04-08 00:00:00+05:30,25413.099609375,25513.05078125,25025.650390625,25371.599609375,419100,0.0,0.0
2025-04-09 00:00:00+05:30,25365.80078125,25607.75,25268.900390625,25560.75,383700,0.0,0.0
2025-04-11 00:00:00+05:30,25948.849609375,25969.5,25697.05078125,25903.44921875,351000,0.0,0.0
2025-04-15 00:00:00+05:30,26329.30078125,26448.900390625,26131.94921875,26413.75,346400,0.0,0.0
2025-04-16 00:00:00+05:30,26408.55078125,26521.05078125,26336.099609375,26506.150390625,276300,0.0,0.0
2025-04-17 00:00:00+05:30,26516.400390625,26751.849609375,26349.849609375,26703.94921875,296200,0.0,0.0
2025-04-21 00:00:00+05:30,26793.44921875,26917.650390625,26643.25,26876.900390625,262000,0.0,0.0
2025-04-22 00:00:00+05:30,26974.400390625,27142.75,26856.349609375,27097.150390625,288600,0.0,0.0
2025-04-23 00:00:00+05:30,27218.19921875,27397.0,27012.69921875,27381.05078125,356100,0.0,0.0
2025-04-24 00:00:00+05:30,27402.349609375,27643.349609375,27182.25,27223.30078125,423900,0.0,0.0
2025-04-25 00:00:00+05:30,27265.25,27321.0,26577.30078125,26764.099609375,357700,0.0,0.0
2025-04-28 00:00:00+05:30,26669.75,26941.05078125,26613.19921875,26922.69921875,243000,0.0,0.0
2025-04-29 00:00:00+05:30,26972.44921875,27075.150390625,26845.55078125,26910.0,298300,0.0,0.0
2025-04-30 00:00:00+05:30,26918.849609375,27107.80078125,26843.650390625,27015.69921875,375400,0.0,0.0
2025-05-02 00:00:00+05:30,26968.55078125,27107.94921875,26816.44921875,26904.900390625,382600,0.0,0.0
2025-05-05 00:00:00+05:30,27009.599609375,27124.75,26948.599609375,27102.05078125,283400,0.0,0.0
2025-05-06 00:00:00+05:30,27063.25,27130.69921875,26916.400390625,26979.099609375,259800,0.0,0.0
2025-05-07 00:00:00+05:30,26737.94921875,27133.599609375,26736.05078125,27115.349609375,272600,0.0,0.0
2025-05-08 00:00:00+05:30,27101.900390625,27135.80078125,26678.650390625,26790.55078125,289200,0.0,0.0
2025-05-09 00:00:00+05:30,26391.900390625,26782.69921875,26372.19921875,26751.099609375,225800,0.0,0.0
2025-05-12 00:00:00+05:30,27220.75,27567.55078125,27182.650390625,27550.150390625,310200,0.0,0.0
2025-05-13 00:00:00+05:30,27556.30078125,27664.900390625,27418.94921875,27484.150390625,249800,0.0,0.0
2025-05-14 00:00:00+05:30,27533.599609375,27743.05078125,27494.80078125,27690.349609375,290800,0.0,0.0
2025-05-15 00:00:00+05:30,27751.80078125,27940.650390625,27627.25,27907.19921875,289800,0.0,0.0
2025-05-16 00:00:00+05:30,28010.05078125,28185.400390625,27915.94921875,28156.849609375,291100,0.0,0.0
2025-05-19 00:00:00+05:30,28185.650390625,28296.05078125,28156.400390625,28242.599609375,236100,0.0,0.0
2025-05-20 00:00:00+05:30,28395.400390625,28396.150390625,27821.900390625,27851.19921875,354800,0.0,0.0
2025-05-21 00:00:00+05:30,27930.30078125,28173.75,27837.599609375,28157.19921875,272900,0.0,0.0
2025-05-22 00:00:00+05:30,28089.5,28090.05078125,27774.900390625,27909.55078125,278300,0.0,0.0
2025-05-23 00:00:00+05:30,27955.5,28105.150390625,27860.75,28063.150390625,271600,0.0,0.0
2025-05-26 00:00:00+05:30,28161.75,28265.05078125,28135.25,28187.150390625,291800,0.0,0.0
2025-05-27 00:00:00+05:30,28240.19921875,28307.30078125,28076.849609375,28219.599609375,246200,0.0,0.0
2025-05-28 00:00:00+05:30,28250.0,28255.900390625,28087.099609375,28125.05078125,219300,0.0,0.0
2025-05-29 00:00:00+05:30,28192.80078125,28330.69921875,28152.05078125,28306.150390625,535000,0.0,0.0
2025-05-30 00:00:00+05:30,28349.5,28410.30078125,28083.900390625,28115.80078125,451800,0.0,0.0
2025-06-02 00:00:00+05:30,28090.80078125,28269.900390625,28061.900390625,28232.150390625,271200,0.0,0.0
2025-06-03 00:00:00+05:30,28312.900390625,28367.349609375,28140.099609375,28178.349609375,304000,0.0,0.0
2025-06-04 00:00:00+05:30,28235.75,28367.5,28179.0,28322.19921875,264100,0.0,0.0
2025-06-05 00:00:00+05:30,28379.400390625,28453.69921875,28283.349609375,28392.150390625,270000,0.0,0.0
2025-06-06 00:00:00+05:30,28473.150390625,28573.150390625,28380.849609375,28550.69921875,329000,0.0,0.0
2025-06-09 00:00:00+05:30,28699.75,28829.05078125,28636.150390625,28811.30078125,280400,0.0,0.0
2025-06-10 00:00:00+05:30,28896.25,28930.94921875,28770.05078125,28802.19921875,276400,0.0,0.0
2025-06-11 00:00:00+05:30,28770.650390625,28848.19921875,28608.599609375,28668.599609375,457100,0.0,0.0
2025-06-12 00:00:00+05:30,28742.44921875,28749.94921875,28231.94921875,28286.80078125,257800,0.0,0.0
2025-06-13 00:00:00+05:30,27864.400390625,28214.30078125,27833.19921875,28184.30078125,224200,0.0,0.0
2025-06-16 00:00:00+05:30,28211.25,28352.400390625,28047.05078125,28341.75,214900,0.0,0.0
2025-06-17 00:00:00+05:30,28364.19921875,28424.400390625,28281.650390625,28351.150390625,186400,0.0,0.0
2025-06-18 00:00:00+05:30,28372.30078125,28464.5,28210.19921875,28268.099609375,299700,0.0,0.0
2025-06-19 00:00:00+05:30,28284.099609375,28398.650390625,27958.55078125,28023.349609375,261900,0.0,0.0
2025-06-20 00:00:00+05:30,28014.44921875,28247.30078125,27970.0,28210.05078125,553900,0.0,0.0
2025-06-23 00:00:00+05:30,28033.80078125,28156.44921875,27975.80078125,28087.900390625,222100,0.0,0.0
2025-06-24 00:00:00+05:30,28270.849609375,28460.849609375,28220.80078125,28278.30078125,297900,0.0,0.0
2025-06-25 00:00:00+05:30,28406.349609375,28517.849609375,28366.44921875,28497.80078125,272100,0.0,0.0
2025-06-26 00:00:00+05:30,28565.30078125,28719.849609375,28519.94921875,28697.650390625,356600,0.0,0.0
2025-06-27 00:00:00+05:30,28832.75,28934.25,28799.900390625,28858.349609375,500200,0.0,0.0
2025-06-30 00:00:00+05:30,28904.0,29000.05078125,28837.44921875,28937.69921875,296800,0.0,0.0
2025-07-01 00:00:00+05:30,29030.55078125,29030.599609375,28711.05078125,28777.400390625,374300,0.0,0.0
2025-07-02 00:00:00+05:30,28821.5,28858.099609375,28697.099609375,28841.349609375,323500,0.0,0.0
2025-07-03 00:00:00+05:30,28883.44921875,29012.05078125,28851.80078125,28882.05078125,345500,0.0,0.0
2025-07-04 00:00:00+05:30,28934.55078125,28968.19921875,28766.400390625,28902.75,197700,0.0,0.0
2025-07-07 00:00:00+05:30,28930.69921875,29062.30078125,28863.349609375,29045.599609375,192100,0.0,0.0
2025-07-08 00:00:00+05:30,29057.05078125,29136.5,28848.25,28964.599609375,194400,0.0,0.0
2025-07-09 00:00:00+05:30,29027.099609375,29099.19921875,28941.69921875,29026.69921875,563700,0.0,0.0
2025-07-10 00:00:00+05:30,29070.69921875,29091.400390625,28889.05078125,28958.30078125,300200,0.0,0.0
2025-07-11 00:00:00+05:30,29058.94921875,29172.150390625,28908.80078125,28939.849609375,312300,0.0,0.0
2025-07-14 00:00:00+05:30,28985.099609375,29080.94921875,28901.80078125,29059.94921875,522500,0.0,0.0
2025-07-15 00:00:00+05:30,29120.05078125,29215.25,29048.599609375,29190.05078125,234200,0.0,0.0
2025-07-16 00:00:00+05:30,29206.599609375,29234.849609375,29076.900390625,29201.900390625,306500,0.0,0.0
2025-07-17 00:00:00+05:30,29244.25,29320.30078125,29197.150390625,29254.849609375,207800,0.0,0.0
2025-07-18 00:00:00+05:30,29298.349609375,29305.69921875,29068.099609375,29137.650390625,185400,0.0,0.0
2025-07-21 00:00:00+05:30,29207.19921875,29307.0,29039.75,29288.599609375,267600,0.0,0.0
2025-07-22 00:00:00+05:30,29343.05078125,29348.150390625,29170.30078125,29237.94921875,257600,0.0,0.0
2025-07-23 00:00:00+05:30,29312.69921875,29346.55078125,29166.25,29280.55078125,228300,0.0,0.0
2025-07-24 00:00:00+05:30,29317.150390625,29364.849609375,28967.69921875,28998.650390625,286600,0.0,0.0
2025-07-25 00:00:00+05:30,28955.599609375,28955.599609375,28523.150390625,28562.19921875,203000,0.0,0.0
2025-07-28 00:00:00+05:30,28559.099609375,28774.19921875,28363.94921875,28437.349609375,248700,0.0,0.0
2025-07-29 00:00:00+05:30,28407.0,28692.150390625,28349.75,28673.400390625,230500,0.0,0.0
2025-07-30 00:00:00+05:30,28702.849609375,28765.900390625,28572.0,28746.599609375,182300,0.0,0.0
2025-07-31 00:00:00+05:30,28488.349609375,28943.099609375,28476.599609375,28746.849609375,395000,0.0,0.0
2025-08-01 00:00:00+05:30,28790.69921875,29082.55078125,28638.849609375,28684.25,348900,0.0,0.0
2025-08-04 00:00:00+05:30,28648.25,28761.05078125,28521.69921875,28744.94921875,250900,0.0,0.0
2025-08-05 00:00:00+05:30,28790.0,28790.849609375,28584.150390625,28718.400390625,225300,0.0,0.0
2025-08-06 00:00:00+05:30,28788.0,28789.150390625,28341.94921875,28392.900390625,220200,0.0,0.0
2025-08-07 00:00:00+05:30,28298.349609375,28463.44921875,28095.400390625,28419.099609375,253000,0.0,0.0
2025-08-08 00:00:00+05:30,28507.69921875,28525.80078125,28110.5,28134.05078125,257700,0.0,0.0
2025-08-11 00:00:00+05:30,28125.69921875,28311.599609375,27976.150390625,28288.19921875,271400,0.0,0.0
2025-08-12 00:00:00+05:30,28341.150390625,28522.5,28224.849609375,28259.44921875,185300,0.0,0.0
2025-08-13 00:00:00+05:30,28334.099609375,28445.55078125,28297.55078125,28409.80078125,200900,0.0,0.0
2025-08-14 00:00:00+05:30,28458.849609375,28495.650390625,28214.30078125,28286.599609375,354500,0.0,0.0
2025-08-18 00:00:00+05:30,28895.5,29242.650390625,28871.69921875,29073.44921875,1095200,0.0,0.0
2025-08-19 00:00:00+05:30,29163.30078125,29499.849609375,29024.80078125,29457.75,667600,0.0,0.0
2025-08-20 00:00:00+05:30,29502.44921875,29716.150390625,29411.94921875,29685.30078125,547400,0.0,0.0
2025-08-21 00:00:00+05:30,29731.650390625,29748.19921875,29533.599609375,29603.150390625,375000,0.0,0.0
2025-08-22 00:00:00+05:30,29669.599609375,29724.94921875,29368.44921875,29388.099609375,372300,0.0,0.0
2025-08-25 00:00:00+05:30,29515.349609375,29515.44921875,29351.400390625,29418.19921875,291200,0.0,0.0
2025-08-26 00:00:00+05:30,29401.19921875,29654.900390625,29302.80078125,29518.19921875,485500,0.0,0.0
2025-08-28 00:00:00+05:30,29624.19921875,29629.44921875,29237.349609375,29273.0,295800,0.0,0.0
2025-08-29 00:00:00+05:30,29295.80078125,29529.19921875,29265.400390625,29337.55078125,330800,0.0,0.0
2025-09-01 00:00:00+05:30,29401.650390625,29623.900390625,29368.05078125,29608.44921875,324400,0.0,0.0
2025-09-02 00:00:00+05:30,29642.80078125,29878.30078125,29559.69921875,29777.55078125,322400,0.0,0.0
2025-09-03 00:00:00+05:30,29879.0,29904.80078125,29774.599609375,29889.44921875,375100,0.0,0.0
2025-09-04 00:00:00+05:30,30506.349609375,30506.349609375,29781.0,29820.650390625,537000,0.0,0.0
2025-09-05 00:00:00+05:30,29904.099609375,29999.0,29704.849609375,29873.05078125,373100,0.0,0.0
2025-09-08 00:00:00+05:30,29949.75,30098.75,29781.44921875,29987.150390625,589800,0.0,0.0
2025-09-09 00:00:00+05:30,30048.849609375,30135.94921875,29969.150390625,30107.599609375,312600,0.0,0.0
2025-09-10 00:00:00+05:30,30244.349609375,30291.44921875,30124.30078125,30167.5,338900,0.0,0.0
2025-09-11 00:00:00+05:30,30221.849609375,30296.80078125,30164.94921875,30203.400390625,688500,0.0,0.0
2025-09-12 00:00:00+05:30,30272.400390625,30285.55078125,30149.25,30245.44921875,464600,0.0,0.0
2025-09-15 00:00:00+05:30,30298.94921875,30366.30078125,30266.30078125,30295.400390625,340300,0.0,0.0
2025-09-16 00:00:00+05:30,30387.19921875,30537.400390625,30312.05078125,30499.150390625,321800,0.0,0.0
2025-09-17 00:00:00+05:30,30591.099609375,30621.099609375,30424.349609375,30535.30078125,669700,0.0,0.0
2025-09-18 00:00:00+05:30,30597.900390625,30639.69921875,30469.44921875,30583.150390625,784200,0.0,0.0
2025-09-19 00:00:00+05:30,30695.05078125,30697.55078125,30473.0,30502.099609375,569800,0.0,0.0
2025-09-22 00:00:00+05:30,30564.94921875,30662.75,30346.400390625,30391.400390625,337900,0.0,0.0
2025-09-23 00:00:00+05:30,30539.25,30568.94921875,30257.5,30333.80078125,643000,0.0,0.0
2025-09-24 00:00:00+05:30,30338.30078125,30429.099609375,30177.900390625,30287.400390625,591200,0.0,0.0
2025-09-25 00:00:00+05:30,30331.55078125,30381.400390625,30162.30078125,30196.5,337800,0.0,0.0
2025-09-26 00:00:00+05:30,30138.400390625,30201.599609375,29806.80078125,29822.099609375,415200,0.0,0.0
2025-09-29 00:00:00+05:30,29860.44921875,29908.44921875,29715.650390625,29793.650390625,417200,0.0,0.0
2025-09-30 00:00:00+05:30,29853.19921875,29897.69921875,29699.25,29829.94921875,426400,0.0,0.0
2025-10-01 00:00:00+05:30,29865.150390625,29938.400390625,29674.099609375,29872.75,309100,0.0,0.0
2025-10-03 00:00:00+05:30,29890.55078125,30017.25,29741.849609375,29985.05078125,484900,0.0,0.0
2025-10-06 00:00:00+05:30,30009.05078125,30043.650390625,29886.19921875,30008.05078125,286600,0.0,0.0
2025-10-07 00:00:00+05:30,30053.55078125,30152.400390625,29934.94921875,29964.30078125,247900,0.0,0.0
2025-10-08 00:00:00+05:30,29935.69921875,30052.5,29769.25,29828.75,321000,0.0,0.0
2025-10-09 00:00:00+05:30,29843.099609375,29913.19921875,29698.05078125,29897.099609375,311900,0.0,0.0
2025-10-10 00:00:00+05:30,29903.650390625,30026.80078125,29807.0,29990.0,289100,0.0,0.0
2025-10-13 00:00:00+05:30,29918.349609375,29964.400390625,29712.150390625,29779.0,236600,0.0,0.0
2025-10-14 00:00:00+05:30,29848.05078125,29869.099609375,29548.349609375,29663.400390625,317200,0.0,0.0
2025-10-15 00:00:00+05:30,29704.599609375,29940.25,29669.30078125,29887.19921875,302600,0.0,0.0
2025-10-16 00:00:00+05:30,29948.5,30188.5,29892.69921875,30169.0,322900,0.0,0.0
2025-10-17 00:00:00+05:30,30162.94921875,30324.80078125,30141.19921875,30205.0,332500,0.0,0.0
2025-10-20 00:00:00+05:30,30308.150390625,30392.150390625,30167.900390625,30180.80078125,182400,0.0,0.0
2025-10-21 00:00:00+05:30,30301.5,30326.0,30216.150390625,30258.349609375,50900,0.0,0.0
2025-10-23 00:00:00+05:30,30400.94921875,30494.400390625,30209.849609375,30255.900390625,381600,0.0,0.0
2025-10-24 00:00:00+05:30,30301.19921875,30301.19921875,30078.44921875,30172.25,456600,0.0,0.0
2025-10-27 00:00:00+05:30,30272.099609375,30315.0,30197.75,30293.150390625,421300,0.0,0.0
2025-10-28 00:00:00+05:30,30353.650390625,30367.849609375,30034.94921875,30143.44921875,433700,0.0,0.0
2025-10-29 00:00:00+05:30,30204.900390625,30341.349609375,30138.94921875,30309.19921875,546800,0.0,0.0
2025-10-30 00:00:00+05:30,30337.849609375,30343.94921875,30164.5,30315.150390625,352400,0.0,0.0
2025-10-31 00:00:00+05:30,30397.75,30457.69921875,30179.5,30204.94921875,545100,0.0,0.0
2025-11-03 00:00:00+05:30,30232.75,30286.650390625,30085.599609375,30255.30078125,45300,0.0,0.0
2025-11-04 00:00:00+05:30,30312.19921875,30322.5,30209.55078125,30251.80078125,349000,0.0,0.0
2025-11-06 00:00:00+05:30,30438.19921875,30440.80078125,30079.349609375,30102.849609375,373000,0.0,0.0
2025-11-07 00:00:00+05:30,30046.099609375,30112.5,29796.44921875,30089.30078125,260100,0.0,0.0
2025-11-10 00:00:00+05:30,30134.75,30298.650390625,30129.150390625,30207.400390625,250600,0.0,0.0
2025-11-11 00:00:00+05:30,30225.19921875,30273.349609375,30025.650390625,30250.0,343100,0.0,0.0
2025-11-12 00:00:00+05:30,30329.599609375,30335.44921875,30224.900390625,30285.099609375,442300,0.0,0.0
2025-11-13 00:00:00+05:30,30345.0,30495.400390625,30265.55078125,30302.55078125,819000,0.0,0.0
2025-11-14 00:00:00+05:30,30275.650390625,30305.69921875,30075.05078125,30172.0,361800,0.0,0.0
2025-11-17 00:00:00+05:30,30228.25,30369.19921875,30214.400390625,30350.5,252900,0.0,0.0
2025-11-18 00:00:00+05:30,30362.30078125,30362.30078125,30061.44921875,30174.0,278600,0.0,0.0
2025-11-19 00:00:00+05:30,30182.05078125,30226.30078125,30101.19921875,30206.900390625,208900,0.0,0.0
2025-11-20 00:00:00+05:30,30326.69921875,30367.30078125,30222.55078125,30247.75,250600,0.0,0.0
2025-11-21 00:00:00+05:30,30230.44921875,30234.150390625,30006.900390625,30063.650390625,303200,0.0,0.0
2025-11-24 00:00:00+05:30,30124.900390625,30149.05078125,29881.150390625,29915.099609375,627900,0.0,0.0
2025-11-25 00:00:00+05:30,29945.69921875,30019.099609375,29863.400390625,29923.69921875,401200,0.0,0.0
2025-11-26 00:00:00+05:30,29979.25,30332.5,29956.650390625,30310.75,375100,0.0,0.0
2025-11-27 00:00:00+05:30,30386.599609375,30402.650390625,30246.650390625,30338.55078125,1057400,0.0,0.0
2025-11-28 00:00:00+05:30,30337.80078125,30438.400390625,30267.650390625,30392.44921875,456600,0.0,0.0
2025-12-01 00:00:00+05:30,30511.900390625,30533.0,30408.55078125,30502.099609375,444600,0.0,0.0
2025-12-02 00:00:00+05:30,30464.44921875,30619.94921875,30456.05078125,30601.599609375,584900,0.0,0.0
2025-12-03 00:00:00+05:30,30633.44921875,30639.0,30293.599609375,30338.55078125,432100,0.0,0.0
2025-12-04 00:00:00+05:30,30338.80078125,30462.94921875,30219.94921875,30260.75,387600,0.0,0.0
2025-12-05 00:00:00+05:30,30246.650390625,30267.80078125,29950.05078125,30196.30078125,382000,0.0,0.0
2025-12-08 00:00:00+05:30,30198.599609375,30247.19921875,29647.69921875,29722.150390625,308800,0.0,0.0
2025-12-09 00:00:00+05:30,29662.80078125,29827.5,29417.30078125,29793.650390625,319200,0.0,0.0
2025-12-10 00:00:00+05:30,29844.30078125,29956.80078125,29698.150390625,29749.30078125,344700,0.0,0.0
2025-12-11 00:00:00+05:30,29769.94921875,29966.19921875,29684.5,29916.05078125,330300,0.0,0.0
2025-12-12 00:00:00+05:30,29993.44921875,30176.94921875,29988.900390625,30163.5,452200,0.0,0.0
2025-12-15 00:00:00+05:30,30123.599609375,30293.849609375,30009.599609375,30271.400390625,393400,0.0,0.0
2025-12-16 00:00:00+05:30,30255.150390625,30373.650390625,30157.55078125,30293.94921875,621000,0.0,0.0
2025-12-17 00:00:00+05:30,30340.5,30358.150390625,30100.25,30159.55078125,448600,0.0,0.0
2025-12-18 00:00:00+05:30,30165.75,30165.75,29815.80078125,29989.94921875,450100,0.0,0.0
2025-12-19 00:00:00+05:30,30014.25,30208.69921875,29995.650390625,30185.900390625,469400,0.0,0.0
2025-12-22 00:00:00+05:30,30268.75,30410.44921875,30218.599609375,30398.599609375,457600,0.0,0.0
2025-12-23 00:00:00+05:30,30491.75,30491.75,30332.599609375,30399.80078125,350800,0.0,0.0
2025-12-24 00:00:00+05:30,30417.0,30472.650390625,30303.25,30353.150390625,777200,0.0,0.0
2025-12-26 00:00:00+05:30,30385.55078125,30441.94921875,30319.900390625,30367.30078125,422100,0.0,0.0
2025-12-29 00:00:00+05:30,30424.0,30472.75,30278.19921875,30319.44921875,474400,0.0,0.0
2025-12-30 00:00:00+05:30,30337.349609375,30413.400390625,30173.94921875,30341.55078125,912400,0.0,0.0
2025-12-31 00:00:00+05:30,30360.05078125,30619.55078125,30339.900390625,30568.099609375,328300,0.0,0.0
2026-01-02 00:00:00+05:30,30660.05078125,30887.69921875,30623.94921875,30875.150390625,464800,0.0,0.0
2026-01-05 00:00:00+05:30,30903.349609375,31108.69921875,30875.05078125,30973.900390625,411800,0.0,0.0
2026-01-06 00:00:00+05:30,31021.69921875,31080.69921875,30873.75,31048.349609375,313900,0.0,0.0
2026-01-07 00:00:00+05:30,31037.349609375,31140.0,30896.349609375,31015.30078125,323100,0.0,0.0
2026-01-08 00:00:00+05:30,30972.75,30985.55078125,30478.80078125,30517.150390625,424300,0.0,0.0
2026-01-09 00:00:00+05:30,30471.5,30621.400390625,30243.900390625,30322.400390625,493400,0.0,0.0
2026-01-12 00:00:00+05:30,30305.5,30424.44921875,29961.900390625,30388.44921875,426400,0.0,0.0
2026-01-13 00:00:00+05:30,30454.900390625,30577.05078125,30199.94921875,30396.400390625,354200,0.0,0.0
2026-01-14 00:00:00+05:30,30423.80078125,30581.44921875,30289.349609375,30475.400390625,635400,0.0,0.0
2026-01-16 00:00:00+05:30,30462.099609375,30595.94921875,30315.349609375,30436.19921875,687500,0.0,0.0
2026-01-19 00:00:00+05:30,30372.150390625,30668.25,30344.400390625,30556.19921875,390900,0.0,0.0
2026-01-20 00:00:00+05:30,30568.900390625,30594.55078125,29943.0,30024.44921875,476200,0.0,0.0
2026-01-21 00:00:00+05:30,29909.400390625,30080.0,29616.94921875,29925.0,537900,0.0,0.0
2026-01-22 00:00:00+05:30,30121.05078125,30362.400390625,30054.55078125,30280.150390625,528100,0.0,0.0
2026-01-23 00:00:00+05:30,30410.19921875,30415.25,29993.0,30018.400390625,694300,0.0,0.0
2026-01-27 00:00:00+05:30,30098.849609375,30150.30078125,29830.650390625,30061.599609375,568800,0.0,0.0
2026-01-28 00:00:00+05:30,30131.849609375,30385.599609375,30009.19921875,30357.05078125,614800,0.0,0.0
2026-01-29 00:00:00+05:30,30414.349609375,30515.900390625,30076.55078125,30489.55078125,606500,0.0,0.0
2026-01-30 00:00:00+05:30,30369.55078125,30501.05078125,30144.400390625,30419.44921875,964600,0.0,0.0
2026-02-02 00:00:00+05:30,29838.44921875,30240.55078125,29507.5,30178.400390625,636300,0.0,0.0
2026-02-03 00:00:00+05:30,31104.599609375,31226.80078125,30468.599609375,30738.400390625,573400,0.0,0.0
2026-02-04 00:00:00+05:30,30794.80078125,31074.75,30612.44921875,30831.30078125,519600,0.0,0.0
2026-02-05 00:00:00+05:30,30617.25,30738.599609375,30480.099609375,30663.55078125,472900,0.0,0.0
2026-02-06 00:00:00+05:30,30592.80078125,31022.94921875,30491.400390625,30983.05078125,393800,0.0,0.0
2026-02-09 00:00:00+05:30,31121.349609375,31182.349609375,30913.30078125,31158.099609375,326600,0.0,0.0
2026-02-10 00:00:00+05:30,31274.30078125,31407.55078125,31163.44921875,31379.849609375,334500,0.0,0.0
2026-02-11 00:00:00+05:30,31516.650390625,31603.150390625,31426.80078125,31495.25,752700,0.0,0.0
2026-02-12 00:00:00+05:30,31566.55078125,31571.05078125,31302.94921875,31422.349609375,594800,0.0,0.0
2026-02-13 00:00:00+05:30,31211.400390625,31211.400390625,30751.80078125,30800.099609375,592200,0.0,0.0
2026-02-16 00:00:00+05:30,30761.099609375,31024.5,30677.44921875,30996.849609375,276400,0.0,0.0
2026-02-17 00:00:00+05:30,30974.30078125,31091.099609375,30838.849609375,31069.05078125,266600,0.0,0.0
2026-02-18 00:00:00+05:30,31135.80078125,31374.25,31065.349609375,31352.5,330900,0.0,0.0
2026-02-19 00:00:00+05:30,31401.94921875,31423.30078125,30804.5,30856.150390625,285100,0.0,0.0
2026-02-20 00:00:00+05:30,30844.80078125,31319.44921875,30833.69921875,31211.5,386700,0.0,0.0
2026-02-23 00:00:00+05:30,31398.75,31545.75,31267.44921875,31514.25,355600,0.0,0.0
2026-02-24 00:00:00+05:30,31384.44921875,31695.80078125,31373.099609375,31638.75,363100,0.0,0.0
2026-02-25 00:00:00+05:30,31792.25,32065.599609375,31777.55078125,32027.69921875,494000,0.0,0.0
2026-02-26 00:00:00+05:30,32106.80078125,32131.150390625,31923.849609375,32116.30078125,312600,0.0,0.0
2026-02-27 00:00:00+05:30,32049.05078125,32056.599609375,31650.849609375,31703.099609375,436900,0.0,0.0
2026-03-02 00:00:00+05:30,30826.400390625,31548.55078125,30823.80078125,31334.69921875,458400,0.0,0.0
2026-03-04 00:00:00+05:30,30859.0,30883.94921875,30383.900390625,30469.0,590600,0.0,0.0
2026-03-05 00:00:00+05:30,30619.650390625,30901.30078125,30513.19921875,30829.599609375,516100,0.0,0.0
2026-03-06 00:00:00+05:30,30774.25,31036.94921875,30667.44921875,30819.30078125,553800,0.0,0.0
2026-03-09 00:00:00+05:30,30346.650390625,30346.69921875,29802.650390625,30140.900390625,483700,0.0,0.0
2026-03-10 00:00:00+05:30,30491.30078125,30674.400390625,30347.75,30606.19921875,451100,0.0,0.0
2026-03-11 00:00:00+05:30,30659.150390625,30778.849609375,30139.150390625,30210.900390625,578800,0.0,0.0
2026-03-12 00:00:00+05:30,30166.30078125,30166.55078125,29628.25,29906.0,722900,0.0,0.0
2026-03-13 00:00:00+05:30,29770.849609375,29860.150390625,29220.80078125,29283.150390625,627500,0.0,0.0
2026-03-16 00:00:00+05:30,29250.5,29422.75,28892.849609375,29245.150390625,539900,0.0,0.0
2026-03-17 00:00:00+05:30,29363.94921875,29491.80078125,29183.25,29411.099609375,438200,0.0,0.0
2026-03-18 00:00:00+05:30,29491.849609375,29666.69921875,29403.099609375,29531.900390625,396000,0.0,0.0
2026-03-19 00:00:00+05:30,29125.30078125,29211.099609375,28559.349609375,28673.30078125,473100,0.0,0.0
2026-03-20 00:00:00+05:30,28908.650390625,29159.55078125,28825.0,28875.0,836700,0.0,0.0
2026-03-23 00:00:00+05:30,28632.44921875,28632.44921875,27932.19921875,28031.55078125,643900,0.0,0.0
2026-03-24 00:00:00+05:30,28536.0,28746.599609375,28062.650390625,28514.69921875,534300,0.0,0.0
2026-03-25 00:00:00+05:30,28731.150390625,29259.75,28704.900390625,29086.05078125,456600,0.0,0.0
2026-03-27 00:00:00+05:30,28920.80078125,28936.44921875,28284.5,28335.599609375,651900,0.0,0.0
2026-03-30 00:00:00+05:30,28073.849609375,28356.75,27739.75,27791.25,975300,0.0,0.0
2026-04-01 00:00:00+05:30,28485.69921875,28617.25,28076.80078125,28270.650390625,1311500,0.0,0.0
2026-04-02 00:00:00+05:30,28028.400390625,28422.900390625,27597.19921875,28367.400390625,648200,0.0,0.0
2026-04-06 00:00:00+05:30,28410.30078125,28618.19921875,28197.75,28600.55078125,565400,0.0,0.0
2026-04-07 00:00:00+05:30,28537.5,28804.0,28228.69921875,28776.25,569100,0.0,0.0
2026-04-08 00:00:00+05:30,29580.400390625,29828.05078125,29504.849609375,29715.05078125,1537300,0.0,0.0
2026-04-09 00:00:00+05:30,29755.19921875,29970.30078125,29554.69921875,29858.44921875,742600,0.0,0.0
2026-04-10 00:00:00+05:30,30036.349609375,30515.75,29981.80078125,30481.80078125,1245400,0.0,0.0
2026-04-13 00:00:00+05:30,29986.0,30196.400390625,29807.94921875,30028.55078125,585900,0.0,0.0
2026-04-15 00:00:00+05:30,30382.94921875,30672.55078125,30361.30078125,30568.5,691900,0.0,0.0
2026-04-16 00:00:00+05:30,30719.30078125,30824.44921875,30467.849609375,30688.25,505800,0.0,0.0
2026-04-17 00:00:00+05:30,30739.30078125,31380.94921875,30599.099609375,31348.099609375,754500,0.0,0.0
2026-04-20 00:00:00+05:30,31412.349609375,31553.400390625,31090.849609375,31361.349609375,436700,0.0,0.0
2026-04-21 00:00:00+05:30,31560.599609375,31855.44921875,31486.599609375,31792.349609375,733000,0.0,0.0
2026-04-22 00:00:00+05:30,31834.05078125,32242.05078125,31800.400390625,32052.44921875,748700,0.0,0.0
2026-04-23 00:00:00+05:30,31959.599609375,32130.25,31817.599609375,31888.099609375,756300,0.0,0.0
2026-04-24 00:00:00+05:30,31979.599609375,32044.94921875,31427.099609375,31677.44921875,544300,0.0,0.0
2026-04-27 00:00:00+05:30,31857.75,32116.44921875,31824.44921875,31985.5,720800,0.0,0.0
2026-04-28 00:00:00+05:30,32057.5,32142.349609375,31863.44921875,31890.849609375,1200900,0.0,0.0
2026-04-29 00:00:00+05:30,32090.900390625,32338.25,32062.80078125,32178.69921875,1020500,0.0,0.0
2026-04-30 00:00:00+05:30,32104.349609375,32113.69921875,31622.75,31886.599609375,1302700,0.0,0.0
2026-05-04 00:00:00+05:30,32116.55078125,32463.80078125,32069.69921875,32246.75,1373500,0.0,0.0
2026-05-05 00:00:00+05:30,32247.0,32324.400390625,32086.44921875,32291.80078125,1076100,0.0,0.0
2026-05-06 00:00:00+05:30,32531.19921875,32548.099609375,32197.19921875,32505.5,1339400,0.0,0.0
2026-05-07 00:00:00+05:30,32609.30078125,32691.55078125,32528.55078125,32607.94921875,1187100,0.0,0.0
2026-05-08 00:00:00+05:30,32535.599609375,32586.400390625,32348.849609375,32399.94921875,735900,0.0,0.0
2026-05-11 00:00:00+05:30,32173.900390625,32177.75,31855.94921875,31921.849609375,688200,0.0,0.0
2026-05-12 00:00:00+05:30,31846.0,31966.25,31380.94921875,31432.94921875,854200,0.0,0.0
2026-05-13 00:00:00+05:30,31455.94921875,31616.05078125,31325.5,31479.400390625,1220400,0.0,0.0
2026-05-14 00:00:00+05:30,31652.75,31762.650390625,31331.099609375,31733.94921875,1370000,0.0,0.0
2026-05-15 00:00:00+05:30,31828.0,31905.30078125,31646.150390625,31717.69921875,998300,0.0,0.0
2026-05-18 00:00:00+05:30,31620.599609375,31620.599609375,31223.400390625,31573.849609375,647700,0.0,0.0
2026-05-19 00:00:00+05:30,31560.349609375,31856.5,31560.349609375,31677.0,841500,0.0,0.0
2026-05-20 00:00:00+05:30,31453.5,31919.650390625,31329.30078125,31877.30078125,647200,0.0,0.0
2026-05-21 00:00:00+05:30,32102.55078125,32183.25,31835.599609375,31876.150390625,575500,0.0,0.0
2026-05-22 00:00:00+05:30,31964.44921875,32071.75,31795.0,31955.69921875,484900,0.0,0.0
2026-05-25 00:00:00+05:30,32209.55078125,32276.150390625,31992.05078125,32058.19921875,580900,0.0,0.0
2026-05-26 00:00:00+05:30,32094.69921875,32263.30078125,32010.19921875,32169.80078125,861400,0.0,0.0
2026-05-27 00:00:00+05:30,32197.599609375,32885.19921875,32189.25,32818.3515625,691600,0.0,0.0
2026-05-29 00:00:00+05:30,32878.1484375,32964.8984375,32313.400390625,32455.900390625,1989200,0.0,0.0
2026-06-01 00:00:00+05:30,32614.75,32666.849609375,31698.349609375,31742.19921875,716800,0.0,0.0
2026-06-02 00:00:00+05:30,31569.94921875,31822.55078125,31446.30078125,31751.75,937800,0.0,0.0
2026-06-03 00:00:00+05:30,31778.75,31779.69921875,31508.0,31638.150390625,926100,0.0,0.0
2026-06-04 00:00:00+05:30,31614.25,31962.400390625,31547.099609375,31696.099609375,558400,0.0,0.0
2026-06-05 00:00:00+05:30,31853.099609375,31879.19921875,31605.400390625,31703.69921875,626100,0.0,0.0
2026-06-08 00:00:00+05:30,31362.0,31506.650390625,31113.05078125,31231.19921875,591200,0.0,0.0
2026-06-09 00:00:00+05:30,31357.44921875,31508.099609375,31283.349609375,31472.599609375,494900,0.0,0.0
2026-06-10 00:00:00+05:30,31516.599609375,31679.5,31351.94921875,31388.44921875,485700,0.0,0.0
2026-06-11 00:00:00+05:30,31298.30078125,31444.400390625,31147.849609375,31176.19921875,573700,0.0,0.0
2026-06-12 00:00:00+05:30,31532.25,31710.25,31421.55078125,31676.55078125,1054600,0.0,0.0
2026-06-16 00:00:00+05:30,32394.650390625,32538.44921875,32346.19921875,32465.599609375,0,0.0,0.0
